source,sample,outcome,shock,h,beta,se,signif,obs,n_units,adj_r2
annex_table_1,advanced,d_ln_cpi,d_ln_gasoline,0,0.044,0.002,***,8368,48,0.43
annex_table_1,advanced,d_ln_cpi,d_ln_gasoline,1,0.018,0.003,***,8320,48,0.34
annex_table_1,advanced,d_ln_cpi,d_ln_gasoline,2,0.000,0.002,,8272,48,0.34
annex_table_1,advanced,d_ln_cpi,d_ln_gasoline,3,-0.001,0.001,,8224,48,0.35
annex_table_1,advanced,d_ln_cpi,d_ln_gasoline,4,0.003,0.002,,8176,48,0.35
annex_table_1,advanced,d_ln_cpi,d_ln_gasoline,5,-0.004,0.003,,8128,48,0.35
annex_table_1,advanced,d_ln_cpi,d_ln_gasoline,6,0.000,0.002,,8080,48,0.35
annex_table_2,developing,d_ln_cpi,d_ln_gasoline,0,0.018,0.007,**,9147,74,0.23
annex_table_2,developing,d_ln_cpi,d_ln_gasoline,1,0.016,0.004,***,9085,74,0.13
annex_table_2,developing,d_ln_cpi,d_ln_gasoline,2,0.016,0.003,***,9007,74,0.12
annex_table_2,developing,d_ln_cpi,d_ln_gasoline,3,0.015,0.006,**,8929,74,0.12
annex_table_2,developing,d_ln_cpi,d_ln_gasoline,4,0.017,0.005,***,8851,74,0.15
annex_table_2,developing,d_ln_cpi,d_ln_gasoline,5,0.004,0.002,*,8773,74,0.15
annex_table_2,developing,d_ln_cpi,d_ln_gasoline,6,0.005,0.003,,8695,74,0.15
figure_7_read_off,eu,d_ln_cpi,d_ln_gasoline_after_tax,0,0.055,,,,,
figure_7_read_off,eu,d_ln_cpi,d_ln_gasoline_before_tax,0,0.020,,,,,
figure_7_read_off,eu,d_ln_cpi,d_ln_crude,0,0.015,,,,,
figure_10_read_off,developing,d_ln_cpi_q1_poorest,d_ln_gasoline,peak,0.030,,,,,
figure_10_read_off,developing,d_ln_cpi_q2,d_ln_gasoline,peak,0.031,,,,,
figure_10_read_off,developing,d_ln_cpi_q3,d_ln_gasoline,peak,0.035,,,,,
figure_10_read_off,developing,d_ln_cpi_q4,d_ln_gasoline,peak,0.038,,,,,
figure_10_read_off,developing,d_ln_cpi_q5_richest,d_ln_gasoline,peak,0.046,,,,,
