date,yoy_cpi_all,yoy_cpi_b30,yoy_gap,yoy_fuel
2001-01-01,5.843293492695789,6.302906680265252,0.4596131875694631,22.79069767441846
2001-02-01,5.827814569536516,5.677785663591273,-0.1500289059452431,19.09090909090918
2001-03-01,5.827814569536516,5.727318803851711,-0.1004957656848049,17.4887892376681
2001-04-01,5.548216644650084,5.546558704453508,-0.0016579401965755025,14.847161572052503
2001-05-01,5.53359683794461,5.5875517833688715,0.0539549454242616,15.570175438596333
2001-06-01,5.905511811023589,5.868142929038567,-0.03736888198502264,17.467248908297005
2001-07-01,6.005221932114946,6.049679487179516,0.04445755506456983,14.075630252100723
2001-08-01,5.721716514954389,5.625248904818747,-0.09646761013564209,10.838445807771024
2001-09-01,5.706874189364575,5.559416261292394,-0.14745792807218105,9.514170040486047
2001-10-01,5.154639175257736,5.047412090082748,-0.10722708517498791,2.4667931688803657
2001-11-01,4.203821656050821,4.219698453103837,0.015876797053016034,0.18867924528296331
2001-12-01,3.6662452591655903,3.500775795189881,-0.16546946397570927,-2.255639097744333
2002-01-01,3.2622333751569865,2.9070325242255057,-0.3552008509314808,-3.4090909090907617
2002-02-01,2.878598247809694,2.8206850235057868,-0.05791322430390711,-3.244274809160219
2002-03-01,3.254067584480569,2.98178331735397,-0.27228426712659903,-3.0534351145037886
2002-04-01,3.3792240300373866,3.0398925968546875,-0.3393314331826991,-1.711026615969502
2002-05-01,3.2459425717852097,2.8421052631578236,-0.4038373086273861,0.37950664136634504
2002-06-01,2.6022304832713505,2.5289979083477965,-0.07323257492355406,-0.371747211896023
2002-07-01,2.4630541871920375,2.852285606346827,0.38923141915478965,-1.6574585635358297
2002-08-01,2.706027060270655,3.365067395607668,0.6590403353370133,-1.2915129151291893
2002-09-01,2.453987730061269,3.554970375247013,1.100982645185744,0.7393715341959206
2002-10-01,2.3284313725490557,3.149976492712936,0.8215451201638801,2.407407407407547
2002-11-01,2.078239608802046,2.912165335838379,0.8339257270363332,5.461393596986919
2002-12-01,2.073170731707208,2.782722758362577,0.709552026655369,7.115384615384701
2003-01-01,1.7010935601456723,2.088383367518043,0.38728980737237073,9.803921568627437
2003-02-01,2.3114355231143913,2.435383036297578,0.12394751318318686,14.201183431952735
2003-03-01,2.0606060606059406,2.3554603854389233,0.2948543248329827,17.71653543307079
2003-04-01,2.179176755448098,2.559329920893383,0.380153165445285,16.827852998065573
2003-05-01,2.1765417170495294,2.9775751372477233,0.8010334201981939,13.043478260869335
2003-06-01,2.7777777777777013,3.2640949554894716,0.4863171777117703,8.208955223880743
2003-07-01,2.283653846153877,2.6538108356290113,0.3701569894751344,8.801498127340768
2003-08-01,2.155688622754437,2.1521065110339688,-0.003582111720468184,9.158878504672963
2003-09-01,2.155688622754437,1.7891199709381578,-0.3665686518162792,9.174311926605494
2003-10-01,2.275449101796423,1.9234275296260872,-0.3520215721703357,7.594936708860778
2003-11-01,2.395209580838231,2.291191236878065,-0.10401834396016607,7.321428571428434
2003-12-01,2.5089605734766707,2.342752962625161,-0.1662076108515098,9.335727109515135
2004-01-01,3.106332138590151,3.342465753424584,0.23613361483443285,9.999999999999876
2004-02-01,2.8537455410225787,3.324831481143997,0.47108594012141847,9.844559585492018
2004-03-01,3.087885985748362,3.8293614698927225,0.7414754841443605,7.023411371237476
2004-04-01,3.1990521327012633,4.264972776769405,1.0659206440681412,7.11920529801322
2004-05-01,3.550295857988228,4.427577482606004,0.8772816246177761,9.364548494983381
2004-06-01,4.112808460634576,5.2711925287357575,1.1583840681011814,16.551724137931025
2004-07-01,5.522914218566344,6.574827802129057,1.0519135835627136,18.416523235800362
2004-08-01,5.744431418522944,7.212997678985822,1.468566260462878,19.349315068493045
2004-09-01,6.213364595545134,7.717701641684416,1.5043370461392813,20.504201680672306
2004-10-01,6.323185011709653,8.22824434308207,1.9050593313724162,22.35294117647044
2004-11-01,6.783625730994292,8.352668213457015,1.5690424824627236,24.12645590682203
2004-12-01,7.109557109557296,8.604257593301924,1.4947004837446274,24.958949096880232
2005-01-01,7.300115874855284,8.589607635206754,1.2894917603514697,22.564935064935042
2005-02-01,7.2832369942196,8.771929824561365,1.4886928303417655,18.396226415094464
2005-03-01,7.1428571428570065,8.523872098116492,1.3810149552594853,20.781250000000107
2005-04-01,7.233065442020803,8.66840731070495,1.435341868684147,24.420401854714058
2005-05-01,7.314285714285718,8.972916846932467,1.6586311326467493,26.146788990825787
2005-06-01,6.659142212189639,8.206090591145587,1.546948378955948,20.414201183431977
2005-07-01,6.013363028953278,7.3191203625984524,1.3057573336451744,22.819767441860495
2005-08-01,6.097560975609695,7.160699417152583,1.063138441542888,24.246771879483518
2005-09-01,5.960264900662304,7.023937712250494,1.06367281158819,23.988842398884103
2005-10-01,6.167400881057272,6.999421535410311,0.8320206543530384,25.686813186813275
2005-11-01,6.243154435925424,7.37934442431234,1.1361899883869153,28.284182305630033
2005-12-01,5.875952121871486,7.250061510702888,1.3741093888314015,22.601839684625546
2006-01-01,5.9395248380128995,7.185872395833548,1.2463475578206484,23.443708609271717
2006-02-01,6.465517241379404,8.19419679040385,1.7286795490244469,27.35723771580334
2006-03-01,6.559139784946222,8.257991604778848,1.6988518198326261,24.062095730918422
2006-04-01,6.316916488222724,7.592503604036649,1.2755871158139254,19.75155279503118
2006-05-01,5.963791267305663,7.170080990948047,1.2062897236423842,21.45454545454544
2006-06-01,5.9259259259259345,7.047694126921389,1.1217682009954544,27.395577395577362
2006-07-01,5.4621848739496714,6.522759267949496,1.0605743939998247,24.970414201183466
2006-08-01,5.224660397074166,6.340326340326219,1.1156659432520533,24.13394919168601
2006-09-01,4.895833333333277,5.812243634393566,0.9164103010602886,18.22272215973002
2006-10-01,4.668049792531104,5.653382761816506,0.9853329692854018,10.2732240437158
2006-11-01,4.226804123711392,4.962417548703768,0.7356134249923763,2.9258098223615248
2006-12-01,4.110996916752319,4.6646784430679045,0.5536815263155859,4.501607717041822
2007-01-01,3.771661569826712,4.358059372864531,0.5863978030378192,4.291845493562163
2007-02-01,2.9352226720647856,3.2436886658175457,0.30846599375276007,-0.8342022940562965
2007-03-01,2.623612512613649,2.7663858026992783,0.14277329008562933,-0.8342022940562965
2007-04-01,2.6183282980865474,2.8881941342860484,0.269865836199501,0.5186721991700782
2007-05-01,2.713567839195985,2.7413499296139676,0.02778209041798263,-1.4970059880239472
2007-06-01,2.597402597402554,2.68060976507849,0.08320716767593606,-1.9286403085824189
2007-07-01,2.8884462151394397,2.6578560939794826,-0.23059012115995703,-3.2196969696969946
2007-08-01,2.6812313803376675,2.425836621364841,-0.2553947589728267,-4.2790697674418565
2007-09-01,2.8798411122144874,3.064657694558237,0.18481658234374976,-1.902949571836321
2007-10-01,2.874132804757168,3.2748538011695194,0.4007209964123515,4.261645193260755
2007-11-01,3.066271018793243,4.062842528315835,0.9965715095225924,9.23857868020308
2007-12-01,3.652517275419531,4.953605611163958,1.301088335744427,12.82051282051273
2008-01-01,4.6168958742633714,6.074936340487458,1.4580404662240865,14.609053497942392
2008-02-01,5.113077679449285,6.675373675808904,1.5622959963596195,15.983175604626787
2008-03-01,5.89970501474919,7.807284864315744,1.9075798495665541,17.245005257623625
2008-04-01,7.262021589793899,11.199536970047653,3.937515380253754,18.988648090815307
2008-05-01,8.219178082191704,13.838609648806589,5.619431566614885,22.69503546099285
2008-06-01,9.444985394352411,17.707810370795364,8.262824976442953,29.301868239921003
2008-07-01,10.164569215875986,20.276069231869442,10.111500015993457,40.313111545987866
2008-08-01,10.541586073500975,19.7103723783707,9.168786304869725,39.844509232263746
2008-09-01,10.13513513513522,18.103754169327946,7.968619034192725,31.522793404461382
2008-10-01,9.730250481695556,16.761041902604767,7.03079142090921,21.00760456273745
2008-11-01,9.117082533589205,15.174496173021446,6.057413639432241,6.877323420074299
2008-12-01,7.8095238095237995,13.56073790462915,5.75121409510535,-7.727272727272716
2009-01-01,7.136150234741723,12.297668038408883,5.16151780366716,-13.285457809694845
2009-02-01,7.202993451824136,12.542511222963038,5.339517771138902,-12.96464188576607
2009-03-01,6.592386258124372,12.208911024363879,5.616524766239507,-16.771300448430537
2009-04-01,5.580969807868241,8.633702016916288,3.052732209048047,-15.958369470945378
2009-05-01,4.33996383363473,5.916634993031877,1.5766711593971472,-20.148637489677903
2009-06-01,3.2028469750890354,2.096027297099634,-1.1068196779894013,-22.129277566539805
2009-07-01,2.1968365553603375,-0.2438009157401,-2.4406374711004375,-27.754532775453132
2009-08-01,1.749781277340401,0.1311006495441136,-1.6186806277962873,-25.781792911743974
2009-09-01,2.27870289219978,0.8953250811200242,-1.3833778110797557,-20.870206489675336
2009-10-01,2.897278314310725,2.012609117361741,-0.8846691969489839,-17.203456402199446
2009-11-01,3.518029903254183,3.4264114132423362,-0.09161849001184663,-7.65217391304348
2009-12-01,4.41696113074217,4.628210629559404,0.2112494988172342,9.655172413793057
2010-01-01,3.8562664329534924,4.745617785378209,0.8893513524247165,16.563146997929646
2010-02-01,3.926701570680624,4.188323461863708,0.26162189118308365,17.29166666666664
2010-03-01,3.919860627177685,3.502879078694865,-0.4169815484828199,23.49137931034486
2010-04-01,3.9861351819757695,3.4856561058871804,-0.5004790760885891,19.81424148606814
2010-05-01,3.8994800693240794,3.486842105263066,-0.4126379640610134,20.165460186142624
2010-06-01,3.6206896551723933,3.3957985199331686,-0.22489113523922466,11.132812500000044
2010-07-01,3.697334479793657,3.505007153075912,-0.192327326717745,10.424710424710536
2010-08-01,4.127257093723147,3.790989704219472,-0.33626738950367496,6.6479400749063
2010-09-01,3.7703513281920342,3.7936990054195485,0.023347677227514296,5.2190121155639035
2010-10-01,3.242320819112665,3.387211789874045,0.1448909707613799,8.064516129032251
2010-11-01,3.738317757009435,3.1065786371137882,-0.6317391198956468,8.85122410546144
2010-12-01,3.637901861251991,2.9704710569484982,-0.6674308043034927,6.558849955076496
2011-01-01,3.966244725738477,3.790087463556868,-0.17615726218160876,8.34813499111895
2011-02-01,4.701931150293892,4.8204652242010315,0.11853407390713944,9.857904085257573
2011-03-01,4.861693210394069,5.296708391284177,0.43501518089010816,11.60558464223358
2011-04-01,4.666666666666686,5.388043289542255,0.7213766228755691,12.833763996554627
2011-05-01,4.920767306088436,5.357452464890611,0.43668515880217473,13.339070567985978
2011-06-01,5.241264559068193,5.454545454545379,0.21328089547718587,13.62038664323415
2011-07-01,4.89220563847419,5.448053443906886,0.5558478054326965,12.674825174825632
2011-08-01,4.6242774566473965,5.160550458715685,0.5362730020682882,13.608428446005671
2011-09-01,4.706853839801739,5.118200596740885,0.411346756939146,14.348981399468963
2011-10-01,5.206611570247888,5.586849063110666,0.3802374928627783,12.993854258121761
2011-11-01,4.66830466830459,5.311302955805863,0.642998287501273,11.591695501730559
2011-12-01,4.163265306122477,4.864864864864948,0.7015995587424717,7.925801011804001
2012-01-01,4.122240259740262,3.9177528089887392,-0.20448745075152264,7.616967213115
2012-02-01,2.9740978348035796,2.3650249031543336,-0.609072931649246,9.100970088924964
2012-03-01,2.8528377298161045,1.9048981838195367,-0.9479395459965678,9.305082095387185
2012-04-01,3.168471337579515,2.402196595277384,-0.766274742302131,7.018244274809349
2012-05-01,2.901033386327456,2.3927591881512944,-0.5082741981761618,2.0761579347004844
2012-06-01,2.743003952569256,2.579310344827679,-0.16369360774157737,-2.9133023975252414
2012-07-01,3.0515415019763292,2.7650464227198635,-0.2864950792564658,-8.095810705974039
2012-08-01,3.7103393843725074,3.2106870229007267,-0.4996523614717807,-2.0778979907267736
2012-09-01,3.6285488958991197,3.528165938864669,-0.10038295703445055,3.016576297443363
2012-10-01,3.2215239591516953,3.0421339139902193,-0.17939004516147605,2.5230769230763395
2012-11-01,2.81768388106427,2.8642779587405354,0.04659407767626522,-1.0639534883723045
2012-12-01,2.8768808777430266,2.8084644601194197,-0.06841641762360684,-0.8023437499992347
2013-01-01,2.839756592292053,2.8397565922922086,1.5543122344752192e-13,-3.0907278165505536
2013-02-01,2.938196555217787,3.2454361054768066,0.3072395502590197,-3.8797284190106196
2013-03-01,2.7300303336703413,3.1408308004053254,0.41080046673498405,-7.771535580524514
2013-04-01,2.2088353413654893,2.4144869215291687,0.20565158016367935,-11.204481792717225
2013-05-01,2.3115577889447403,2.512562814070418,0.20100502512567786,-9.250243427458738
2013-06-01,2.5025025025024794,2.6026026026025884,0.10010010010010895,0.4171011470281538
2013-07-01,2.39520958083832,2.592223330009946,0.19701374917162617,9.834254143646891
2013-08-01,1.7821782178217394,2.4777006937562573,0.695522475934518,3.305785123966909
2013-09-01,2.2772277227721904,3.0662710187933317,0.7890432960211413,0.09842519685014928
2013-10-01,2.3762376237623783,3.369672943508406,0.9934353197460277,-1.7857142857137909
2013-11-01,2.8712871287128294,3.7623762376237657,0.8910891089109363,1.230769230769213
2013-12-01,3.7661050545093833,4.554455445544536,0.788350391035153,5.1546391752571585
2014-01-01,3.747534516765283,4.7337278106508895,0.9861932938856066,5.555555555556002
2014-02-01,3.6417322834645605,4.616895874263172,0.9751635907986111,3.3299697275476436
2014-03-01,3.543307086614167,4.518664047151266,0.9753569605370993,3.7563451776656764
2014-04-01,3.6345776031434074,4.813359528487138,1.1787819253437304,6.9400630914823624
2014-05-01,4.0275049115914285,5.098039215686256,1.0705343040948279,9.334763948498015
2014-06-01,3.808593749999978,5.073170731707299,1.2645769817073216,5.503634475596764
2014-07-01,4.191033138401501,5.442176870748283,1.2511437323467822,2.9175050301808003
2014-08-01,4.182879377431958,5.415860735009659,1.2329813575777004,-1.9999999999999796
2014-09-01,3.872216844143339,4.798464491362764,0.9262476472194248,-4.818092428711629
2014-10-01,3.675048355899402,4.60210930009588,0.9270609441964783,-5.151515151515607
2014-11-01,2.9836381135707857,4.007633587786241,1.0239954742154556,-9.929078014184567
2014-12-01,1.91021967526257,3.0303030303030276,1.1200833550404576,-20.49019607843132
2015-01-01,1.5209125475284857,2.824858757062132,1.3039462095336463,-29.337231968811206
2015-02-01,1.5194681861348203,2.347417840375643,0.8279496542408227,-30.4687499999999
2015-03-01,1.5209125475284857,2.255639097744333,0.7347265502158473,-26.223091976516933
2015-04-01,1.421800947867391,2.2492970946579094,0.8274961467905184,-25.860373647984037
2015-05-01,0.9442870632671463,1.679104477611948,0.7348174143448016,-22.66928361138386
2015-06-01,0.564440263405408,1.29990714948931,0.735466886083902,-21.358267716535373
2015-07-01,0.1870907390085108,0.8294930875576645,0.6424023485491537,-24.340175953079314
2015-08-01,0.0,0.45871559633021697,0.45871559633021697,-25.816326530612233
2015-09-01,-0.37278657968320417,0.1831501831501825,0.5559367628333867,-27.066115702479365
2015-10-01,-0.1865671641790856,0.18331805682858526,0.36988522100767085,-23.748668796592042
2015-11-01,0.2803738317756821,0.6422018348623215,0.3618280030866394,-20.47244094488191
2015-12-01,0.7497656982193401,0.8272058823528994,0.07744018413355924,-14.79654747225645
2016-01-01,0.7490636704120313,0.73260073260073,-0.01646293781130126,-11.034482758620701
2016-02-01,0.4677268475210994,0.8256880733944261,0.3579612258733267,-12.780898876404567
2016-03-01,0.5617977528090456,0.8272058823528994,0.26540812954385373,-14.854111405835512
2016-04-01,0.6542056074765545,0.6416131989001261,-0.012592408576428404,-11.538461538461487
2016-05-01,0.93545369504211,1.0091743119265306,0.07372061688442066,-11.54822335025375
2016-06-01,1.3096351730590206,1.1915673693859485,-0.11806780367307201,-10.513141426783502
2016-07-01,1.3071895424836555,1.0968921389396646,-0.21029740354399085,-9.302325581395387
2016-08-01,1.3071895424836555,1.0045662100457209,-0.3026233324379346,-7.70288858321877
2016-09-01,1.6838166510758423,1.1882998171845793,-0.495516833891263,-2.9745042492916873
2016-10-01,1.7757009345793717,1.4638609332113361,-0.3118400013680356,-1.6759776536313997
2016-11-01,2.0503261882572232,1.5496809480401552,-0.500645240217068,0.5657708628005631
2016-12-01,2.2325581395348904,1.8231540565177617,-0.4094040830171286,6.078147612156237
2017-01-01,2.5092936802973753,2.0000000000000018,-0.5092936802973735,18.75968992248067
2017-02-01,3.072625698324072,2.1838034576888044,-0.8888222406352675,24.63768115942029
2017-03-01,3.072625698324072,2.1877848678213407,-0.8848408305027311,19.158878504672906
2017-04-01,3.1569173630455083,2.3679417122040025,-0.7889756508415058,13.793103448275868
2017-05-01,2.8730305838740033,2.089009990917412,-0.7840205929565913,7.173601147776121
2017-06-01,2.4930747922437435,2.0833333333332593,-0.4097414589104842,3.776223776223797
2017-07-01,2.3963133640552803,1.8987341772151334,-0.4975791868401469,5.128205128205221
2017-08-01,2.5806451612902848,2.2603978300180128,-0.320247331272272,14.605067064083599
2017-09-01,3.0358785648574305,2.5293586269195867,-0.5065199379378438,15.766423357664205
2017-10-01,3.1221303948576917,2.705139765554554,-0.4169906293031378,15.340909090909193
2017-11-01,3.013698630136896,2.6032315978455456,-0.4104670322913506,15.893108298171633
2017-12-01,2.911737943585102,2.685765443151289,-0.22597250043381312,14.05184174624834
2018-01-01,3.3686310063463454,3.3568627450980104,-0.011768261248334966,12.698172323759781
2018-02-01,3.736856368563646,3.904897595725765,0.168041227162119,18.326614987080102
2018-03-01,4.266666666666619,4.517752007136511,0.25108534046989206,18.219084967320185
2018-04-01,4.313591359135893,4.8782918149466115,0.5647004558107183,23.058234519104005
2018-05-01,4.618918918918902,5.198042704626316,0.5791237857074139,29.64230254350739
2018-06-01,5.041621621621606,5.5558118899734055,0.5141902683517996,33.47924528301882
2018-07-01,5.791719171917187,6.406211180124255,0.6144920082070682,32.51869918699182
2018-08-01,6.550134770889482,7.300972590627808,0.7508378197383259,28.917035110533096
2018-09-01,6.93151785714281,8.611629955947176,1.6801120988043658,29.35535939470364
2018-10-01,6.854764024933191,8.44056189640039,1.5857978714671983,30.331527093595987
2018-11-01,6.069148936170254,7.432195975503109,1.3630470393328542,18.687864077669847
2018-12-01,5.1655172413792805,6.221970357454287,1.0564531160750068,3.14736842105261
2019-01-01,4.4238683127572065,5.165289256198347,0.7414209434411401,-2.3255813953488302
2019-02-01,3.7793667007150145,4.312114989733051,0.5327482890180368,-1.7745302713987554
2019-03-01,3.3536585365853577,3.7832310838445737,0.429572547259216,5.919661733615222
2019-04-01,3.238866396761142,3.1504065040650397,-0.08845989269610222,6.243602865916054
2019-05-01,3.232323232323231,3.039513677811545,-0.1928095545116859,3.75123395853898
2019-06-01,2.716297786720312,2.4169184290030232,-0.29937935771728874,-4.729729729729726
2019-07-01,2.1956087824351433,1.598401598401611,-0.5972071840335325,-2.639296187683282
2019-08-01,1.3847675568743778,0.49358341559724295,-0.8911841412771349,-4.821600771456125
2019-09-01,0.48971596474045587,-0.9718172983479101,-1.461533263088366,-7.642124883504198
2019-10-01,0.5865102639296182,-1.066925315227929,-1.6534355791575472,-9.57542908762422
2019-11-01,1.17647058823529,-0.29268292682926855,-1.4691535150645585,-3.910068426197455
2019-12-01,2.3668639053254337,1.2782694198623323,-1.0885944854631013,9.866962305986693
2020-01-01,2.9556650246305383,2.062868369351678,-0.8927966552788602,13.492063492063489
2020-02-01,2.460629921259838,2.0669291338582862,-0.3937007874015519,1.3815090329436952
2020-03-01,2.163225172074723,1.871921182266023,-0.2913039898087,-11.976047904191612
2020-04-01,1.764705882352935,2.1674876847290747,0.4027818023761398,-29.09441233140655
2020-05-01,1.5655577299412915,2.163225172074723,0.5976674421334316,-29.115128449096094
2020-06-01,2.252693437806075,2.6548672566371723,0.4021738188310975,-14.893617021276595
2020-07-01,2.44140625,2.851524090462143,0.41011784046214306,-9.036144578313255
2020-08-01,2.2439024390243922,2.5540275049116046,0.31012506588721234,-8.20668693009119
2020-09-01,2.2417153996101558,2.7477919528949846,0.5060765532848288,-10.494450050454073
2020-10-01,2.3323615160349753,2.7450980392156765,0.4127365231807012,-13.086913086913077
2020-11-01,3.0038759689922534,3.5225048923678948,0.5186289233756414,-13.123092573753803
2020-12-01,3.2755298651252485,3.689320388349504,0.4137905232242556,-10.595358224016149
2021-01-01,3.732057416267942,3.9461020211742026,0.21404460490626054,-9.090909090909083
2021-02-01,4.22670509125842,4.628736740597872,0.40203164933945157,-1.8867924528301994
2021-03-01,4.138594802694895,4.835589941972929,0.6969951392780338,11.904761904761907
2021-04-01,4.1425818882466325,4.532304725168768,0.38972283692213505,33.152173913043484
2021-05-01,4.1425818882466325,4.331087584215587,0.1885056959689546,34.228187919463096
2021-06-01,3.735632183908044,3.831417624521083,0.09578544061303873,21.904761904761916
2021-07-01,3.7178265014299328,3.9196940726577534,0.20186757122782062,17.88079470198676
2021-08-01,4.389312977099236,4.693486590038298,0.30417361293906264,18.101545253863137
2021-09-01,4.1944709246901635,4.297994269340966,0.10352334465080215,20.969560315670787
2021-10-01,3.9886039886039892,4.293893129770998,0.3052891411670089,32.06896551724139
2021-11-01,3.668861712135474,3.969754253308122,0.3008925411726482,41.56908665105385
2021-12-01,3.078358208955212,3.370786516853941,0.29242830789872887,28.668171557562093
2022-01-01,3.0442804428044257,3.9814814814814747,0.9372010386770491,31.0989010989011
2022-02-01,3.0414746543778737,3.5023041474654404,0.4608294930875667,35.04273504273505
2022-03-01,3.974121996303137,4.151291512915134,0.17716951661199687,41.540020263424495
2022-04-01,4.90286771507864,4.981549815498143,0.07868210041950263,52.24489795918365
2022-05-01,5.365402405180397,5.6273062730627155,0.26190386788231823,56.099999999999994
2022-06-01,6.094182825484773,6.457564575645747,0.36338175016097374,62.69531249999998
2022-07-01,6.433823529411775,7.175712971481141,0.7418894420693656,55.99250936329587
2022-08-01,6.3071297989031105,7.319304666056725,1.0121748671536146,40.46728971962619
2022-09-01,6.861848124428183,8.058608058608051,1.1967599341798687,38.67660764212491
2022-10-01,7.671232876712342,8.874656907593792,1.2034240308814503,24.630113141862473
2022-11-01,7.985480943738654,9.18181818181818,1.1963372380795256,19.437551695616207
2022-12-01,8.054298642533952,9.420289855072461,1.3659912125385087,18.421052631578938
2023-01-01,8.683974932855865,9.706144256455929,1.022169323600064,14.836546521374693
2023-02-01,8.58676207513418,9.706144256455929,1.1193821813217486,6.487341772151889
2023-03-01,7.6444444444444315,8.768821966341878,1.124377521897447,-7.015032211882599
2023-04-01,6.613756613756605,7.381370826010558,0.7676142122539531,-13.471849865951736
2023-05-01,6.145741878841093,6.724890829694319,0.5791489508532255,-20.948110185778347
2023-06-01,5.395996518711921,6.0658578856152445,0.6698613669033238,-26.290516206482593
2023-07-01,4.663212435233155,5.150214592274671,0.48700215704151617,-26.230492196878743
2023-08-01,5.331040412725718,5.626598465473154,0.2955580527474355,-10.778443113772463
2023-09-01,6.078767123287676,6.949152542372894,0.8703854190852178,-5.510752688172049
2023-10-01,4.9194232400339155,5.294117647058827,0.3746944070249114,-4.469273743016744
2023-11-01,4.117647058823537,4.912572855953368,0.7949257971298307,-8.933518005540176
2023-12-01,3.9363484087101996,4.966887417218535,1.0305390085083355,-6.444444444444441
2024-01-01,2.8006589785831926,3.5714285714285587,0.7707695928453662,-7.883211678832113
2024-02-01,3.377265238879734,4.220779220779214,0.8435139818994797,-2.080237741456159
2024-03-01,3.715937241948808,4.641693811074932,0.9257565691261238,0.6158583525788908
2024-04-01,3.8047973531844415,5.319148936170204,1.5143515829857623,3.5631293570875355
2024-05-01,3.8875103391232235,5.319148936170204,1.4316385970469803,5.672609400324147
2024-06-01,3.715937241948808,5.473856209150307,1.7579189672014994,3.827361563517928
2024-07-01,4.372937293729362,5.795918367346942,1.4229810736175796,6.427990235964209
2024-08-01,3.3469387755102,4.6811945117029685,1.3342557361927687,-6.338553318419093
2024-09-01,1.937046004842613,2.456418383518222,0.5193723786756088,-15.220483641536264
2024-10-01,2.263540824575583,3.3519553072625774,1.0884144826869946,-13.084795321637433
2024-11-01,2.5020177562550483,2.857142857142847,0.3551251008877987,-8.288973384030419
2024-12-01,2.900886381950052,2.5236593059936974,-0.3772270759563545,-2.6128266033254133
2025-01-01,2.8846153846153966,2.4294670846394917,-0.4551482999759049,-0.23771790808240212
2025-02-01,2.071713147410348,1.4797507788162134,-0.5919623685941344,-4.400606980273148
2025-03-01,1.7515923566878921,1.0894941634241206,-0.6620981932637715,-6.732976281560809
2025-04-01,1.4342629482071656,0.07770007770009357,-1.356562870507072,-11.144353029169773
2025-05-01,1.273885350318471,0.0,-1.273885350318471,-12.0398773006135
2025-06-01,1.3535031847133672,-0.38729666924864903,-1.7407998539620162,-8.313725490196077
2025-07-01,0.9486166007905084,-0.8487654320987637,-1.797382032889272,-8.715596330275233
2025-08-01,1.500789889415488,-0.6168080185042224,-2.1175979079197105,-4.6178343949044525
2025-09-01,1.7418844022169422,-0.23201856148492572,-1.973902963701868,0.6711409395973034
2025-10-01,1.6600790513833896,-0.38610038610038533,-2.046179437483775,1.0933557611438216
2025-11-01,1.4960629921259905,-0.23148148148146586,-1.7275444736074563,3.067993366500832
2025-12-01,1.8010963194988294,1.0769230769230864,-0.724173242575743,-0.4878048780487809
2026-01-01,2.024922118380057,1.6067329762815774,-0.41818914209847957,-5.401111993645758
2026-02-01,2.4199843871975046,2.5326170376055224,0.11263265040801773,-4.36507936507936
2026-03-01,4.068857589984343,4.234026173979988,0.16516858399564516,35.849056603773576
2026-04-01,7.22702278083267,8.462732919254634,1.2357101384219638,76.34680134680134
2026-05-01,6.76100628930818,8.391608391608397,1.6306021023002168,53.00784655623365
2026-06-01,6.4414768263943545,8.009331259720076,1.5678544333257216,38.751069289991435
2026-07-01,6.186374314800314,8.171206225680926,1.9848319108806125,35.092127303182586
2026-08-01,6.147859922178989,8.223429014740113,2.075569092561124,41.402337228714536
