lag,"CPI, all income","CPI, bottom 30%",Gap: ln(CPI all/CPI b30)
0,0.5359969438907427,0.4275945652753217,-0.11422486580305063
1,0.2954733568482867,0.27103083645768244,-0.12852164666948523
2,-0.027536393603352527,0.011980291355874086,-0.05748390249280801
3,-0.05790953124258268,-0.02348511306599039,-0.030041362980321614
4,0.06030727369556843,0.035954431672869255,0.009819831672073226
5,0.1680230853222571,0.09214951278724519,0.04232298373218344
6,0.16576234233244314,0.13876718657386716,-0.04774698297057946
7,0.1279311565707652,0.1273436617758167,-0.07462255397364273
8,0.06863458264519132,0.09255612006606717,-0.08517643296090198
9,0.023838080522096797,0.026221795141362032,-0.018551300118628714
10,0.06088288160740442,0.06637479880800566,-0.046245801581148174
11,0.014743406012485614,0.009088259084391299,0.0018097652492856577
12,-0.015728605178854684,-0.02494553067612953,0.026464365376567683
