region,infl_all_2001_2025,infl_b30_2001_2025,cum_gap_2001_2025,fuel_sd_monthly,infl_b30_aug2026_yoy,infl_all_aug2026_yoy,poverty_2018,food_share_2018
NCR,3.5701464441852107,4.1548204964179245,-12.284797456537131,4.964890377946746,4.327666151468312,4.129598837534121,2.2,29.494707163697395
CAR,3.718564586943888,4.080211202621852,-6.919671541621445,4.40851871371652,8.320251177394034,6.750392464678168,12.0,35.75857406534015
R01,3.619038688492457,4.1312077912323595,-11.128604767132277,4.468260157662548,4.6923076923076845,4.642014162077102,9.9,38.43042942735429
R02,3.8081887559653116,4.27227025235087,-10.868020410573646,4.4588562005955525,7.131661442006276,6.775700934579421,16.3,43.85345388109385
R03,3.827150496464166,4.344196019199885,-11.526877037766505,4.507568194562766,6.893995552260912,5.80693815987936,7.0,36.503083829845245
R04A,3.7702523145678137,4.161078585609275,-7.344319872314253,4.6452591231870946,5.9678653404743764,5.551272166538168,7.1,33.01701427166913
R04B,4.084952465167834,4.306781513930018,-4.168914441364599,3.828331517438957,6.8097705403405095,5.40340488527018,15.1,46.36629113521638
R05,4.088544142795801,4.339700331156384,-5.838835233821463,4.2444080840812335,9.30408472012103,7.744360902255654,27.0,45.55451180791349
R06,3.913522679923526,4.314850997749361,-9.126736655932884,4.3882774688042145,10.414670537369929,8.422938211185782,14.2,42.57039141789475
R07,3.9281733497004194,4.57586970579296,-16.049310753160505,4.244940174088308,9.705886813849673,7.898710186221658,16.1,37.856924871347005
R08,3.9334298020322165,4.567119206135242,-14.214384868503235,4.151675577203057,9.910641754671023,8.35341365461848,30.7,47.41761546576418
R09,4.013138828161939,4.243414246050361,-4.44716508219087,4.307744631207009,10.008071025020172,7.556270096463025,32.7,49.612187417376624
R10,4.317310392421954,4.699528110475705,-8.603255181587294,4.304843586977543,7.16934952124304,6.50470219435737,23.1,43.09709762145347
R11,4.1433824143235585,4.529022624694725,-8.876628598644896,4.274654115209495,12.066246056782326,8.871595330739313,19.1,42.979746189031474
R12,4.079350522567985,4.420699701393708,-8.096863851717034,4.022569228163136,8.629864895522111,7.609275843662888,27.3,45.66868730634565
R13,4.295971719277618,4.5352440017613675,-4.739529154774166,4.119580821988646,10.401891252955075,8.897637795275593,30.5,46.73170810247369
BARMM,4.442092153698846,4.871600794246164,-9.303226887766904,3.92418885196697,8.973734277796153,8.582543904557705,60.4,59.38309386500331
PH,3.8381169706413054,4.411931145221933,-13.262875281318864,4.366933623467052,8.223429014740113,6.147859922178989,16.7,37.74513788
