period,variable,n,mean,sd,min,max,annualised_mean
2001–2026 (full),Fuel index (07.2.2),308,0.44885406067122846,4.366933623467052,-18.096193727791476,31.79254890204497,5.386248728054742
2001–2026 (full),"CPI, all income",308,0.3141482596874867,0.38618334917290426,-0.5899722127187701,2.597548640326064,3.7697791162498406
2001–2026 (full),"CPI, bottom 30%",308,0.3610281145804475,0.5649806127650244,-0.881169320363373,3.888930329372897,4.33233737496537
2001–2026 (full),Gap: ln(CPI all/CPI b30),308,-0.04687985489296071,0.3028197435199197,-2.2745454922372232,0.7057306788740725,-0.5625582587155286
2001–2012,Fuel index (07.2.2),144,0.6041083813080226,2.862163609642703,-12.487332988140754,8.66310765477003,7.249300575696271
2001–2012,"CPI, all income",144,0.351771008414113,0.35016333975068464,-0.44072349874078043,1.614384837135674,4.221252100969356
2001–2012,"CPI, bottom 30%",144,0.4224784783294173,0.6170394677072895,-0.881169320363373,3.888930329372897,5.069741739953008
2001–2012,Gap: ln(CPI all/CPI b30),144,-0.0707074699153043,0.3791404936313673,-2.2745454922372232,0.7057306788740725,-0.8484896389836516
2013–2019,Fuel index (07.2.2),84,-0.0280701227359295,3.7156985825693387,-12.588024588900293,6.475108357858872,-0.336841472831154
2013–2019,"CPI, all income",84,0.2236912060042411,0.27860090718059033,-0.5899722127187701,0.984259914419372,2.6842944720508934
2013–2019,"CPI, bottom 30%",84,0.23840710843051563,0.3540168349186206,-0.7835495523949021,1.5671231585366208,2.8608853011661877
2013–2019,Gap: ln(CPI all/CPI b30),84,-0.014715902426274513,0.1706539744375337,-0.5828632441172488,0.2951305634580237,-0.17659082911529417
2020–2025,Fuel index (07.2.2),72,0.2932846232531712,4.699137305763572,-18.096193727791476,12.001767345779957,3.519415479038054
2020–2025,"CPI, all income",72,0.3125951107274921,0.4322955263953101,-0.39200363800731,1.6611677666896085,3.751141328729905
2020–2025,"CPI, bottom 30%",72,0.33821821919565914,0.5463084230092251,-0.8504110006300358,1.9672765598705233,4.05861863034791
2020–2025,Gap: ln(CPI all/CPI b30),72,-0.02562310846816709,0.24520664735043554,-0.7613279762258784,0.5541578968436767,-0.30747730161800507
2026 (Jan–Aug),Fuel index (07.2.2),8,4.062105151746609,16.215332215354803,-17.708469645627112,31.79254890204497,48.74526182095931
2026 (Jan–Aug),"CPI, all income",8,0.6007161869222455,0.999450700741743,-0.5141399500418586,2.597548640326064,7.208594243066946
2026 (Jan–Aug),"CPI, bottom 30%",8,0.7477311901363692,1.128648252198191,-0.4310351501121801,3.1263905784741475,8.97277428163643
2026 (Jan–Aug),Gap: ln(CPI all/CPI b30),8,-0.14701500321412375,0.29961387267338785,-0.5288419381480836,0.22917017723385058,-1.764180038569485
