year,yoy_cpi_all,yoy_cpi_b30,yoy_gap,yoy_fuel
2001,5.4120638876912635,5.392707963019692,-0.019355924671571323,11.840255111559864
2002,2.727100581926956,2.978140383130081,0.25103980120312525,0.11370980467134324
2003,2.2484401451596177,2.402719654134631,0.15427950897501375,10.93239232207418
2004,4.800599850131735,5.929258230434397,1.1286583803026626,15.800986254399618
2005,6.607533310375626,7.905450772424557,1.2979174620489309,23.36266836719153
2006,5.479945415262065,6.6170122924316495,1.1370668771695847,19.04103706973884
2007,2.941852941320981,3.259828335075978,0.3179753937549971,1.3862905994178896
2008,8.171167573676717,13.907501969173763,5.736334395497047,20.888404632514497
2009,4.259408386207486,5.378775880655926,1.1193674944484404,-15.905389562448072
2010,3.785218073030581,3.6132562003059547,-0.171961872724626,12.852079995991907
2011,4.718340508154003,5.133093639263771,0.4147531311097685,11.895702559861787
2012,3.172350250086927,2.8150598117962,-0.35729043829072676,2.1419805412382575
2013,2.583260370200811,3.0481979588010635,0.4649375886002523,-1.411788108704747
2014,3.6015238046906983,4.67920043527099,1.0776766305802914,-0.4209203888596534
2015,0.679141506739415,1.3150257548352622,0.6358842480958471,-24.34643952676105
2016,1.2528886453945416,1.1128586393749897,-0.14003000601955176,-7.273424745744997
2017,2.8531643229076216,2.299541733555745,-0.5536225893518765,14.007061053677653
2018,5.225757328640435,5.9854333927969705,0.7596760641565355,23.198458992361438
2019,2.4120265022835485,1.9088585695093048,-0.5031679327742437,-0.969741657407137
2020,2.3917723839043687,2.5914638055932304,0.1996914216888616,-11.229023218708768
2021,3.929632298628048,4.22090395580171,0.29127165717366216,20.78919234130576
2022,5.811345329579773,6.560990703891584,0.7496453743118118,39.69558258819574
2023,6.009759595213191,6.771064461743776,0.7613048665305842,-9.064045364032776
2024,3.2187894525442555,4.1843620348117225,0.9655725822674673,-2.9501777316470155
2025,1.6598418022819823,0.28757205271538283,-1.3722697495665994,-4.321500210490185
2026,5.159688028634552,6.203960499858904,1.0442724712243527,33.8353808712465
