start,end,months,peak_fuel_yoy,mean_infl_all,mean_infl_b30,mean_gap_b30_minus_all
2001-01,2001-03,3,22.79069767441846,5.832974210589607,5.902670382569411,0.06969617197980504
2004-06,2006-09,28,28.284182305630033,6.209063586435275,7.533963136645083,1.3248995502098087
2008-02,2008-10,9,40.313111545987866,8.501167629638246,14.6755392457719,6.174371616133653
2010-01,2010-05,5,23.49137931034486,3.9176887764223296,3.8818637074174056,-0.03582506900492444
2017-01,2017-03,3,24.63768115942029,2.8848483589818397,2.123862775170049,-0.7609855838117907
2017-09,2017-11,3,15.893108298171633,3.0572358632840064,2.6125766634398953,-0.44465919984411073
2018-02,2018-11,10,33.47924528301882,5.417493969595958,6.224636761101134,0.8071427915051755
2021-04,2022-12,21,62.69531249999998,4.990208296584408,5.522490819646405,0.5322825230619972
2026-03,2026-08,6,76.34680134680134,6.138766287249808,7.582055664164023,1.4432893769142139
