date,beta,lo,hi,actual,series,fuel_cum
2026-01-01,-0.1080956158861696,-0.1366520803966957,-0.0795391513756435,0.7662872745569097,cpi_all,-2.7330893716971416
2026-02-01,-0.14111487623088137,-0.1835980074988774,-0.09863174496288528,0.918842605440617,cpi_all,-1.5644617147516078
2026-03-01,1.250339912375516,0.9378838533187667,1.562795971432265,2.2814677766171263,cpi_all,30.22808718729335
2026-04-01,3.0006767690515144,2.1540332402483853,3.847320297854643,4.879016416943204,cpi_all,53.74293692839667
2026-05-01,1.8206599230745522,1.0618753628857927,2.5794444832633117,4.364876466901343,cpi_all,36.03446728276948
2026-06-01,0.7953482167375583,0.26953129011165655,1.3211651433634604,4.143718986417324,cpi_all,28.15357716030868
2026-07-01,1.9200471734872353,1.3449911372797403,2.4951032096947308,4.217492505071271,cpi_all,27.597161505293744
2026-08-01,2.5531996449841348,1.94093032279189,3.165468967176381,4.805729495377927,cpi_all,32.49684121397283
2026-01-01,-0.1018636475824569,-0.14545722597488675,-0.058270069190027064,1.0598130991823285,cpi_b30,-2.7330893716971416
2026-02-01,-0.13720643001520433,-0.2019187187911677,-0.07249414123924089,1.6604155052035159,cpi_b30,-1.5644617147516078
2026-03-01,1.223586933446421,0.7618179304116681,1.6853559364811745,2.998725442766448,cpi_b30,30.22808718729335
2026-04-01,2.8524783701908936,1.5501413859173832,4.154815354464405,6.125116021240586,cpi_b30,53.74293692839667
2026-05-01,1.220091542760232,-0.11041464460829054,2.550597730128754,5.9818495210910205,cpi_b30,36.03446728276948
2026-06-01,0.39031104828202656,-0.4823128752484316,1.2629349718124843,5.550814370978802,cpi_b30,28.15357716030868
2026-07-01,2.435967503159544,1.6918914708830464,3.180043535436042,5.622782708018152,cpi_b30,27.597161505293744
2026-08-01,3.127519685389079,2.1581039759564815,4.096935394821676,5.9818495210910205,cpi_b30,32.49684121397283
2026-01-01,0.004647067589262153,-0.019267727583099397,0.028561862761623705,-0.29352582462541876,ratio_all_over_b30,-2.7330893716971416
2026-02-01,0.010445413445993913,-0.020380198599416373,0.04127102549140419,-0.7415728997628989,ratio_all_over_b30,-1.5644617147516078
2026-03-01,-0.0837835276104755,-0.3392345674026511,0.17166751218170012,-0.7172576661493215,ratio_all_over_b30,30.22808718729335
2026-04-01,-0.15818602371316517,-0.8199034826900693,0.5035314352637389,-1.246099604297382,ratio_all_over_b30,53.74293692839667
2026-05-01,0.23811923371957702,-0.40208297843702767,0.878321445876182,-1.6169730541896774,ratio_all_over_b30,36.03446728276948
2026-06-01,0.13401400556651907,-0.2997981656604571,0.5678261767934952,-1.4070953845614786,ratio_all_over_b30,28.15357716030868
2026-07-01,-0.6701816890564967,-1.09907884880182,-0.24128452931117295,-1.4052902029468806,ratio_all_over_b30,27.597161505293744
2026-08-01,-0.6466853884867348,-1.2165842075771844,-0.07678656939628553,-1.176120025713094,ratio_all_over_b30,32.49684121397283
