region,fuel_change_pct,fuel_peak_pct,fuel_driven_all,fuel_driven_b30,fuel_driven_b30_lo,fuel_driven_b30_hi,actual_all,actual_b30,poverty_line_family5_monthly_dec2025,extra_cost_php_month,new_geo_ext
NCR,34.47720095566736,57.37194076906835,2.893682112824327,3.6809972302125415,2.6602193147079998,4.701775145717083,3.3034855980663296,3.4668128945876777,16894.548658415446,633.475448070535,False
CAR,30.689629137558516,53.53230953663781,2.5732660877893645,3.2959095208502225,2.4071966981370783,4.184622343563367,5.439407206579876,6.357280401761233,14019.533219761497,469.77020537690953,False
R01,36.315595435940764,58.22845877481356,2.905056952880226,3.6813259331423014,2.686453525377463,4.67619834090714,3.83188643021366,3.819258645626883,15228.67264997638,571.0639466556709,False
R02,34.05184161268775,55.74670465094188,2.7237756220363236,3.47307976344924,2.527606758997842,4.418552767900638,4.627691365241434,4.641551696715561,14245.061435068903,503.4340758116354,False
R03,33.868914436073524,57.157529187376355,2.739513879889473,3.5012798166323003,2.5557340019856634,4.446825631278938,5.193122900212664,6.001800972625274,16972.796313124756,604.7910216355534,False
R04A,34.625601243048656,58.32619792197552,2.763571192431579,3.5243655464168997,2.5657170509457705,4.483014041888028,4.8644082801850725,4.958470355898618,16615.4176578536,596.0294908379213,False
R04B,30.868445993986484,47.71210970145995,2.4650711173151185,3.1266486072181277,2.255643302722734,3.997653911713521,4.966835865811977,6.439993060308273,13367.685623500422,424.56327020318366,False
R05,33.899642811712,50.91392827255542,2.6101266174104696,3.296058539057509,2.373570112077445,4.218546966037573,5.523095932783107,6.209629242789109,15001.266697374484,502.6894925788386,False
R06,31.590758079328936,51.36189216716034,2.515675270591787,3.198458104908908,2.3127350011083356,4.084181208709481,6.1081931926384865,7.482921271870503,14705.234613850856,477.9434340870498,True
R07,25.880373171309394,46.57661157992545,2.050444561094629,2.6486554494434253,1.9364534357240235,3.3608574631628274,5.4482210694001365,5.899052627780937,15607.760494498032,418.9191712610469,True
R08,27.389656474252583,47.66394777000721,2.2187008275965,2.8451887039104045,2.0694035386556404,3.6209738691651694,5.877311230768849,6.804305346398534,14206.728219368275,410.0133951092442,False
R09,29.379082694010204,49.94870748819403,2.3905891963924493,3.0651226899669535,2.2251394670959304,3.905105912837976,5.3735105691002625,7.06712522438957,14678.186291496293,456.870470216122,False
R10,31.72408746933253,48.89408302654864,2.4973679556436568,3.1695012402363205,2.280243151135938,4.058759329336704,4.592451688710841,5.301726761407337,14717.480481895276,473.94184764163543,False
R11,29.333455802119758,46.93192668980594,2.3269587108448206,2.9668492207164254,2.1447089995412556,3.788989441891596,6.268177562092528,8.515780834030677,13831.508069939475,416.50802078118835,False
R12,29.62457682286559,47.07851845805557,2.359662998622348,2.998518643062636,2.1595985948558982,3.837438691269373,5.6215623969386765,6.098543726325025,12816.805816765182,390.1342045510033,True
R13,31.133417372351513,49.98240567281887,2.435334574468174,3.105239454299607,2.2522995792664684,3.9581793293327427,6.189078821513014,7.098322658021322,12963.619716416908,408.86672592583864,False
BARMM,33.47633213662441,52.61655307959453,2.595925016490587,3.297910789394552,2.3818127221381107,4.214008856650993,7.672473227935433,7.8756770139850305,13242.961802954995,444.02255672527366,True
PH,32.49684121397283,53.74293692839667,2.5531996449841348,3.127519685389079,2.1581039759564815,4.096935394821676,4.805729495377927,5.9818495210910205,14714.113136476764,467.4586123050586,False
