item,coicop,basket,h,beta,se,weight,contribution
e045,04.5,all,6,0.24920306009639864,0.034365900297248855,6.74273614,0.01680310479510579
e045,04.5,all,12,0.42402200441873394,0.03829232877992874,6.74273614,0.02859068493349437
e045,04.5,b30,6,0.19042900134598753,0.03947121911219731,10.11083727,0.019253966440978907
e045,04.5,b30,12,0.29397056778793074,0.050263593960585495,10.11083727,0.029722885730732715
e0452,04.5.2,all,6,0.5323661116071566,0.17068380631534852,1.27319683,0.006778068456976581
e0452,04.5.2,all,12,0.7296543473981022,0.15241331597868615,1.27319683,0.009289936021029826
e0452,04.5.2,b30,6,0.5147179042499693,0.16546049353032027,1.33121292,0.006851991242928821
e0452,04.5.2,b30,12,0.721674091517378,0.14756397092497014,1.33121292,0.00960701874657196
e0453,04.5.3,all,6,1.0952430210464053,0.10634045862211153,0.04316871,0.0004728022835507616
e0453,04.5.3,all,12,1.1520150452267244,0.11398477660745071,0.04316871,0.0004973100340302935
e0453,04.5.3,b30,6,1.083622133483915,0.09405528992808869,0.269872,0.0029243927240757105
e0453,04.5.3,b30,12,1.1109258885376134,0.10719999291096607,0.269872,0.002998077913914228
e0454,04.5.4,all,6,0.02891976052622829,0.020479708443569243,0.87159316,0.00025206265463498576
e0454,04.5.4,all,12,0.012785043202889021,0.025562964642890453,0.87159316,0.00011143356205942563
e0454,04.5.4,b30,6,0.022481275846785623,0.022860518092981,4.02308818,0.0009044415513052274
e0454,04.5.4,b30,12,0.03822090097756848,0.023699497103607324,4.02308818,0.001537660549518062
t073,07.3,all,6,0.05343646319698416,0.08154025393320996,4.53850678,0.0024252175051873307
t073,07.3,all,12,0.07148396727492659,0.07887045779568778,4.53850678,0.0032443047013855243
t073,07.3,b30,6,0.012910523242197632,0.08968275871081309,3.71699431,0.0004798834143037135
t073,07.3,b30,12,0.009628789086256142,0.10146706349704677,3.71699431,0.0003579015424580418
f0111,01.1.1,all,6,0.07671306630767355,0.08016168088638549,12.32263497,0.009453071135388668
f0111,01.1.1,all,12,0.019328773880044205,0.08443541360891393,12.32263497,0.0023818142494145527
f0111,01.1.1,b30,6,0.06462239101802703,0.0956231443442556,23.64338525,0.015278920866153527
f0111,01.1.1,b30,12,0.01244538184514133,0.10122201061304473,23.64338525,0.0029425095754803234
