coicop,item,contribution_pp_all,contribution_pp_b30,pct_change_all,pct_change_b30,weight_all,weight_b30,gap_pp
0,ALL ITEMS,4.923076923076919,6.164383561643838,4.923076923076919,6.164383561643838,100.0,100.0,1.2413066385669191
01.1,FOOD,0.9097033019538402,2.698054023333335,2.52225519287832,5.311778290993074,34.78277331,51.38033314,1.7883507213794951
01.1.1,Cereals and cereal products (ND),1.2607003469307687,2.9329313514079143,12.047101449275367,15.120593692022254,12.32263497,23.64338525,1.6722310044771456
01.1.1.1,Cereals (ND),1.1596612579101888,2.7872111096237693,15.675846213557376,18.2612891615898,9.35153555,19.61642771,1.6275498517135805
01.1.3,Fish and other seafood (ND),0.1479425588461541,0.2844961707458146,2.3019634394042088,3.061934585942949,5.65662725,8.49609019,0.13655361189966053
01.2,NON-ALCOHOLIC BEVERAGES,0.0729197432615382,0.09185926686453516,2.5196850393700787,2.609363008442034,2.96236457,3.55009049,0.018939523602996958
02.1,ALCOHOLIC BEVERAGES,0.03657708983076908,0.03453749497716892,3.65358592692826,3.650586701434144,0.88055957,0.81039765,-0.0020395948536001615
02.3,TOBACCO,0.14357839009230763,0.2471374246575342,6.899810964083164,8.204193254329994,1.27843772,1.8041032,0.10355903456522655
02.4,OTHER VEGETABLE-BASED TOBACCO PRODUCTS,0.00017226507692307753,0.0009925878538812767,4.483695652173925,6.716929403701144,0.0033931,0.01330878,0.0008203227769581992
03.1,CLOTHING,0.049705705846153844,0.04542471168188745,2.4570024570024662,2.3615635179153216,2.15391392,2.05820935,-0.004280994164266395
03.2,FOOTWEAR,0.021147980861538438,0.011188355563165935,2.3007395234182493,2.48796147672552,0.98187054,0.47424191,-0.009959625298372504
04.1,ACTUAL RENTALS FOR HOUSING,0.3548781966461533,0.1252497579908674,2.9532403609515923,3.3091202582727908,12.81504599,4.014102,-0.22962843865528587
04.3,"MAINTENANCE, REPAIR AND SECURITY OF THE DWELLING",0.03282425899999993,0.019538085905631688,5.212510024057737,4.597701149425304,0.65648518,0.45844723,-0.013286173094368244
04.4,WATER SUPPLY AND MISCELLANEOUS SERVICES RELATING TO THE DWELLING,0.07257684738461533,0.03761497607305934,6.067415730337067,4.333605887162717,1.1648136,0.93256752,-0.03496187131155599
04.5,"ELECTRICITY, GAS AND OTHER FUELS",1.0269705813230774,1.154205167808219,15.590551181102374,11.618900077459337,6.74273614,10.11083727,0.12723458648514163
04.5.2,Gas (ND),0.4132992786615386,0.3991612560730594,29.886685552407943,28.406633020908444,1.27319683,1.33121292,-0.014138022588479182
04.5.3,Liquid fuels (ND),0.019691573100000002,0.10412869406392691,38.25806451612903,32.21092757306225,0.04316871,0.269872,0.08443712096392691
04.5.4,Solid fuels (ND),0.054977414707692226,0.19288778945205515,5.702364394993031,4.402515723270439,0.87159316,4.02308818,0.1379103747443629
05.1,"FURNITURE, FURNISHINGS, AND LOOSE CARPETS",0.00472473784615384,0.0013447365296803651,2.017543859649118,2.564102564102555,0.2670504,0.05889946,-0.003380001316473475
05.2,HOUSEHOLD TEXTILES,0.001509940923076923,0.0014303205479452032,1.752848378615246,1.5929203539823078,0.09814616,0.1044134,-7.962037513171982e-05
05.3,HOUSEHOLD APPLIANCES,0.008735091861538487,0.004878909101978707,1.6593886462882068,2.2071307300509435,0.59766418,0.24657256,-0.00385618275955978
05.4,"GLASSWARE, TABLEWARE AND HOUSEHOLD UTENSILS",0.0007270363384615374,0.0013946189497716893,2.950819672131133,2.717391304347827,0.02625409,0.05235798,0.0006675826113101519
05.5,TOOLS AND EQUIPMENT FOR HOUSE AND GARDEN,0.0004481206615384597,0.0005240281278538808,2.3705004389815487,6.146179401993357,0.02157618,0.00930504,7.590746631542107e-05
05.6,GOODS AND SERVICES FOR ROUTINE HOUSEHOLD MAINTENANCE,0.09681454866923106,0.04433619716894969,4.377880184331806,2.4701195219123395,2.20805111,1.87928268,-0.05247835150028137
06.1,MEDICINES AND HEALTH PRODUCTS,0.07875476559999992,0.050619599923896495,4.4764188649080605,4.396482813749003,1.82823563,1.20934826,-0.02813516567610342
06.2,OUTPATIENT CARE SERVICES,0.024853263076923076,0.005001148477929985,5.068790731354089,5.003849114703618,0.4615606,0.10110014,-0.019852114598993092
06.3,INPATIENT CARE SERVICES,0.02030764229230767,0.013341071171993919,3.633491311216419,12.665112665112677,0.57391163,0.10754704,-0.00696657112031375
06.4,OTHER HEALTH SERVICES,0.0008201719384615403,0.0002195775114155251,3.552923760177662,1.0737294201861092,0.02221299,0.01923499,-0.0006005944270460152
07.1,PURCHASE OF VEHICLES,0.015520624338461575,0.012305411872146075,1.0425716768027726,2.044293015332199,1.68140097,0.6737213,-0.0032152124663155004
07.2,OPERATION OF PERSONAL TRANSPORT EQUIPMENT,0.8747887721538458,0.4992916262633181,33.27855382087097,31.322314049586787,2.80796396,1.73105329,-0.3754971458905277
07.2.2,Fuels and lubricants for personal transport equipment (ND),0.8642162997692309,0.49462880182648394,38.39869281045751,33.66336633663367,2.39038551,1.5929957,-0.3695874979427469
07.3,PASSENGER TRANSPORT SERVICES,0.23390765712307748,0.3790542142617962,4.731638418079109,9.07859078590787,4.53850678,3.71699431,0.1451465571387187
07.3.2,Passenger transport by road (S),0.21125982178461558,0.33524830068493133,4.519774011299438,8.553971486761714,4.29121513,3.49616085,0.12398847890031575
07.4,TRANSPORT SERVICES OF GOODS,6.6930153846154796e-06,5.692922374429709e-07,0.18867924528302993,0.09587727708533222,0.00435046,0.00074805,-6.123723147172509e-06
08.1,INFORMATION AND COMMUNICATION EQUIPMENT,0.008612980615384616,0.0006159771689497731,0.9578544061302763,1.158301158301156,1.11968748,0.0674495,-0.007997003446434843
08.3,INFORMATION AND COMMUNICATION SERVICES,0.014100069907692256,0.007439709665144596,0.7714561234329675,0.9587727708533,2.29126136,0.97757785,-0.0066603602425476605
09.1,RECREATIONAL DURABLES,0.0005346824615384615,,7.8895463510848085,,0.00868859,,
09.2,OTHER RECREATIONAL GOODS,0.00386906545384615,0.0010710880745814328,2.920353982300883,2.4451939291737057,0.15241773,0.04853137,-0.002797977379264717
09.3,GARDEN PRODUCTS AND PETS,0.004286545615384616,0.0014073648630137019,3.5685963521015163,6.255077173030066,0.12383354,0.02401659,-0.002879180752370914
09.4,RECREATIONAL SERVICES,0.020459288230769226,0.014885137168949772,19.999999999999996,23.692636072572036,0.1392517,0.08810392,-0.0055741510618194535
09.5,CULTURAL GOODS,5.128445384615358e-05,8.271917808219099e-07,1.0073260073260037,0.8637236084452882,0.00606089,0.00012077,-5.045726206533167e-05
09.6,CULTURAL SERVICES,0.0006304099153846121,0.00029863273211567853,0.9606986899563186,0.6346328195829587,0.07450299,0.05605763,-0.0003317771832689336
09.7,"NEWSPAPERS, BOOKS AND STATIONERY",0.012968903769230822,0.020455073789954314,3.191489361702149,3.669064748201434,0.40141845,0.52701896,0.007486170020723493
09.8,PACKAGE HOLIDAYS (S),-0.0007226201769230781,2.4154870624048774e-06,-1.650485436893212,1.8905472636816079,0.05525919,0.00016705,0.000725035663985483
10.1,EARLY CHILDHOOD AND PRIMARY EDUCATION,0.010154775115384667,0.004155920547945201,1.7968750000000089,5.116279069767438,0.57396555,0.0827406,-0.005998854567439466
10.2,SECONDARY EDUCATION  (S),0.006225767261538423,0.003473816856925404,1.1345218800648205,2.751572327044016,0.57810696,0.13041701,-0.002751950404613019
10.4,TERTIARY EDUCATION (S),0.01457929329230764,0.0035988301065448943,1.9933554817275656,2.5060630557801167,0.78971172,0.15254396,-0.010980463185762745
10.5,EDUCATION NOT DEFINED BY LEVEL (S),0.0006971608000000028,,4.2360060514372355,,0.01618409,,
11.1,FOOD AND BEVERAGE SERVING SERVICES,0.5971940822461529,0.52941244194064,6.170052671181336,6.858407079646023,9.46771106,7.48008547,-0.06778164030551292
11.2,ACCOMMODATION SERVICES,0.0043734936615384586,0.00018135753424657527,3.4234234234234107,5.83873957367933,0.14961952,0.0037826,-0.004192136127291884
12.2,FINANCIAL SERVICES,0.0,0.0,0.0,0.0,0.03386201,0.00027693,0.0
13.1,PERSONAL CARE,0.12645807009230822,0.13495174611872096,3.343949044585992,3.132341425215346,3.91417836,4.43316486,0.008493676026412739
13.2,OTHER PERSONAL EFFECTS,0.009412874215384637,0.007093618561643844,2.086956521739136,2.24066390041493,0.50986402,0.34522277,-0.0023192556537407934
13.9,OTHER SERVICES,0.00045947089999999696,0.00044866520547945485,1.5398550724637472,0.8587786259542041,0.03513601,0.06550512,-1.0805694520542113e-05
