region,poverty_2018,poverty_2023,food_share_2018,high_poverty,high_food,mindanao,island
NCR,2.2,1.8,29.494707163697395,0.0,0.0,0.0,0.0
CAR,12.0,7.0,35.75857406534015,0.0,0.0,0.0,0.0
R01,9.9,11.9,38.43042942735429,0.0,0.0,0.0,0.0
R02,16.3,10.4,43.85345388109385,0.0,1.0,0.0,0.0
R03,7.0,8.2,36.503083829845245,0.0,0.0,0.0,0.0
R04A,7.1,7.9,33.01701427166913,0.0,0.0,0.0,0.0
R04B,15.1,23.0,46.36629113521638,0.0,1.0,0.0,1.0
R05,27.0,27.5,45.55451180791349,1.0,1.0,0.0,0.0
R06,14.2,13.7,42.57039141789475,0.0,0.0,0.0,1.0
R07,16.1,17.3,37.856924871347005,0.0,0.0,0.0,1.0
R08,30.7,27.3,47.41761546576418,1.0,1.0,0.0,1.0
R09,32.7,31.7,49.612187417376624,1.0,1.0,1.0,0.0
R10,23.1,25.3,43.09709762145347,1.0,0.0,1.0,0.0
R11,19.1,16.0,42.979746189031474,1.0,0.0,1.0,0.0
R12,27.3,23.1,45.66868730634565,1.0,1.0,1.0,0.0
R13,30.5,20.8,46.73170810247369,1.0,1.0,1.0,0.0
BARMM,60.4,32.4,59.38309386500331,1.0,1.0,1.0,0.0
