spec,h,beta,se,lo,hi,nobs,n_units,r2
G1 after tax [cluster],0,0.05676585884855639,0.0035603867075754366,0.050909543859251116,0.06262217383786166,4334,28,0.7115450625107442
G1 after tax [cluster],1,0.026014496705010715,0.002734996968055487,0.021515827022403365,0.030513166387618064,4306,28,0.6520999339278579
G1 after tax [cluster],2,-0.001879918126123531,0.0020776513202914347,-0.005297350435845412,0.00153751418359835,4278,28,0.6519319045382945
G1 after tax [cluster],3,-0.00019601286956182754,0.002215707463599487,-0.0038405273273268907,0.0034485015882032353,4250,28,0.6524047773747914
G1 after tax [cluster],4,0.0027707795142138236,0.0030772182246615884,-0.0022907940435419605,0.007832353071969608,4222,28,0.6577078082714767
G1 after tax [cluster],5,0.0003082790684379968,0.002486741427108737,-0.003782046587232289,0.004398604724108282,4194,28,0.660916401873571
G1 after tax [cluster],6,0.006040469149138376,0.0017283074945251865,0.003197656298281211,0.008883281999995541,4166,28,0.6586860752667326
G2 before tax + tax control [cluster],0,0.02408753945424962,0.0019149989748042536,0.02093764644493449,0.027237432463564748,4334,28,0.7152074295266676
G2 before tax + tax control [cluster],1,0.011718182976721371,0.0013229178674034547,0.009542176724363891,0.013894189229078851,4306,28,0.6558630240776253
G2 before tax + tax control [cluster],2,-0.0005099024902648441,0.0012234344284091374,-0.002522273047170915,0.001502468066641227,4278,28,0.6554409481543885
G2 before tax + tax control [cluster],3,0.002616591275026357,0.0018544396775091298,-0.0004336905544872539,0.005666873104539968,4250,28,0.6549954058823078
G2 before tax + tax control [cluster],4,0.002414651772775455,0.0011560253104773604,0.000513159347989067,0.004316144197561843,4222,28,0.6590746154547779
G2 before tax + tax control [cluster],5,0.00027059684126717507,0.00151643905812293,-0.002223723443537201,0.0027649171260715508,4194,28,0.6616184887613565
G2 before tax + tax control [cluster],6,0.004937471664926764,0.0013621910783600851,0.0026968667290852414,0.007178076600768288,4166,28,0.6594571111866123
G2 Brent in euro [cluster],0,0.01399012346105692,0.001070010880498244,0.012230112183391845,0.015750134738721996,4536,28,0.6820168152147926
G2 Brent in euro [cluster],1,0.014751086586845253,0.0013235975392074516,0.012573962373855833,0.016928210799834673,4508,28,0.6553209701528353
G2 Brent in euro [cluster],2,0.0008438929097851247,0.0006354234149235487,-0.0002012855989017647,0.001889071418472014,4480,28,0.6546308215039549
G2 Brent in euro [cluster],3,3.70244897834348e-05,0.0007699817020399732,-0.001229482705503283,0.0013035316850701527,4452,28,0.6574086006732551
G2 Brent in euro [cluster],4,0.002608104411883482,0.0008645202566872063,0.001186095132098513,0.004030113691668452,4424,28,0.6589659075443665
G2 Brent in euro [cluster],5,0.0007583191914735754,0.0006560323969842825,-0.00032075807610368974,0.0018373964590508406,4396,28,0.6621990886951783
G2 Brent in euro [cluster],6,-0.0001855775670484331,0.0006759889383424991,-0.0012974804240601678,0.0009263252899633016,4368,28,0.6590358967643062
G3 HICP fuels CP0722 [cluster],0,0.06523592263511269,0.0032985292089676346,0.059810324902136905,0.07066152036808847,6192,28,0.7032794497424781
G3 HICP fuels CP0722 [cluster],1,0.025801623367663246,0.0025870499946429753,0.021546304800869963,0.03005694193445653,6164,28,0.6345525659141432
G3 HICP fuels CP0722 [cluster],2,-0.00111735232181721,0.002084811465114773,-0.004546562021721257,0.0023118573780868366,6136,28,0.6347782533053675
G3 HICP fuels CP0722 [cluster],3,-0.003178767550386185,0.0021742958427450596,-0.006755165953390904,0.0003976308526185343,6108,28,0.6365567237650904
G3 HICP fuels CP0722 [cluster],4,0.005338167235092365,0.0019617409700009277,0.00211139048544704,0.008564943984737691,6080,28,0.6374371185668484
G3 HICP fuels CP0722 [cluster],5,0.0024762272453777634,0.001748663363936112,-0.00040006803110971285,0.00535252252186524,6052,28,0.6387614114672127
G3 HICP fuels CP0722 [cluster],6,0.003725382813552814,0.0022389285362005274,4.2673090298225944e-05,0.007408092536807402,6024,28,0.6375299415640803
G1 after tax [robust],0,0.05676585884855639,0.0023522306627158894,0.052896783711561694,0.06063493398555108,4334,28,0.7115450625107442
G1 after tax [robust],1,0.026014496705010715,0.0025188096895557453,0.021871423451544435,0.030157569958476994,4306,28,0.6520999339278579
G1 after tax [robust],2,-0.001879918126123531,0.0026847431256348583,-0.00629592759375706,0.0025360913415099972,4278,28,0.6519319045382945
G1 after tax [robust],3,-0.00019601286956182754,0.002516574075569866,-0.00433540886525497,0.0039433831261313146,4250,28,0.6524047773747914
G1 after tax [robust],4,0.0027707795142138236,0.0025349716794096687,-0.0013988778468824346,0.006940436875310082,4222,28,0.6577078082714767
G1 after tax [robust],5,0.0003082790684379968,0.0025890672748510027,-0.003950357629022039,0.004566915765898032,4194,28,0.660916401873571
G1 after tax [robust],6,0.006040469149138376,0.002619022259679787,0.0017325608862374378,0.010348377412039315,4166,28,0.6586860752667326
G2 before tax + tax control [robust],0,0.02408753945424962,0.0013920114289515393,0.02179788440658078,0.026377194501918458,4334,28,0.7152074295266676
G2 before tax + tax control [robust],1,0.011718182976721371,0.0015337784188982604,0.009195341981456672,0.01424102397198607,4306,28,0.6558630240776253
G2 before tax + tax control [robust],2,-0.0005099024902648441,0.0016115865117609645,-0.003160726409280938,0.0021409214287512494,4278,28,0.6554409481543885
G2 before tax + tax control [robust],3,0.002616591275026357,0.0015307133738657428,9.879183020016511e-05,0.005134390719852548,4250,28,0.6549954058823078
G2 before tax + tax control [robust],4,0.002414651772775455,0.0013813608086267097,0.00014251543657719298,0.004686788108973717,4222,28,0.6590746154547779
G2 before tax + tax control [robust],5,0.00027059684126717507,0.0014589659838630724,-0.0021291886488888226,0.0026703823314231726,4194,28,0.6616184887613565
G2 before tax + tax control [robust],6,0.004937471664926764,0.0014830820457938094,0.0024980187828362076,0.007376924547017321,4166,28,0.6594571111866123
G2 Brent in euro [robust],0,0.01399012346105692,0.0007628605458848111,0.012735329525300109,0.015244917396813731,4536,28,0.6820168152147926
G2 Brent in euro [robust],1,0.014751086586845253,0.0008349704676742747,0.013377682384693855,0.01612449078899665,4508,28,0.6553209701528353
G2 Brent in euro [robust],2,0.0008438929097851247,0.0008236406499680792,-0.0005108754006195383,0.0021986612201897876,4480,28,0.6546308215039549
G2 Brent in euro [robust],3,3.70244897834348e-05,0.0008270622947075113,-0.0013233719253810225,0.0013974209049478921,4452,28,0.6574086006732551
G2 Brent in euro [robust],4,0.002608104411883482,0.0008422927554828626,0.001222656118072546,0.003993552705694419,4424,28,0.6589659075443665
G2 Brent in euro [robust],5,0.0007583191914735754,0.0008048913221368352,-0.0005656092190449637,0.0020822476019921148,4396,28,0.6621990886951783
G2 Brent in euro [robust],6,-0.0001855775670484331,0.000819505692905921,-0.0015335444783321165,0.0011623893442352503,4368,28,0.6590358967643062
G3 HICP fuels CP0722 [robust],0,0.06523592263511269,0.0019187991825636943,0.06207977884028128,0.0683920664299441,6192,28,0.7032794497424781
G3 HICP fuels CP0722 [robust],1,0.025801623367663246,0.0021592984618910216,0.022249893460951065,0.029353353274375427,6164,28,0.6345525659141432
G3 HICP fuels CP0722 [robust],2,-0.00111735232181721,0.002306706501796871,-0.004911546877610336,0.0026768422339759155,6136,28,0.6347782533053675
G3 HICP fuels CP0722 [robust],3,-0.003178767550386185,0.0021939690568604907,-0.006787525510982464,0.0004299904102100941,6108,28,0.6365567237650904
G3 HICP fuels CP0722 [robust],4,0.005338167235092365,0.002169097587047023,0.0017703192018263827,0.008906015268358347,6080,28,0.6374371185668484
G3 HICP fuels CP0722 [robust],5,0.0024762272453777634,0.0021844994493804117,-0.0011169545970091009,0.006069409087764628,6052,28,0.6387614114672127
G3 HICP fuels CP0722 [robust],6,0.003725382813552814,0.002282467774079998,-2.89425830425241e-05,0.007479708210148152,6024,28,0.6375299415640803
"PH alone, fuel index [newey_west]",0,0.06329128148689554,0.013942736198129977,0.040357521281773875,0.08622504169201721,234,1,0.4139058154885322
"PH alone, fuel index [newey_west]",1,0.03269171997816296,0.008085994693669423,0.019391442278770453,0.04599199767755547,233,1,0.13602829465733202
"PH alone, fuel index [newey_west]",2,-0.008662130444175388,0.007026689672523589,-0.020220006437488267,0.002895745549137489,232,1,0.13154471291870795
"PH alone, fuel index [newey_west]",3,0.01078786704392295,0.006283677354827567,0.00045213755624199346,0.021123596531603908,231,1,0.1348629486139593
"PH alone, fuel index [newey_west]",4,0.0003978945676764774,0.00568617573667201,-0.008955032216271936,0.009750821351624892,230,1,0.12656351364171747
"PH alone, fuel index [newey_west]",5,0.005209259002058688,0.006811850462951891,-0.005995237938178795,0.01641375594229617,229,1,0.13923044805315032
"PH alone, fuel index [newey_west]",6,0.008521419090289476,0.005148001933986005,5.3709437619403264e-05,0.016989128742959547,228,1,0.1406376131727154
