coicop,w_all,w_b30,beta,se,division,contrib_all,contrib_b30,contrib_gap
01,37.74513788,54.93042363,0.07234701527044976,0.03267359780015108,Food and non-alcoholic beverages,0.027307480665895917,0.039740521971718845,-0.012433041305822928
02,2.16239039,2.62780963,0.0176513990626255,0.054946028806954324,Alcoholic beverages and tobacco,0.0003816921570307639,0.0004638451643974026,-8.215300736663867e-05
03,3.13578446,2.53245126,0.03156934580724918,0.009273914228989651,Clothing and footwear,0.0009899466399473816,0.0007994782956694392,0.00019046834427794237
04,21.37908091,15.51595402,0.15757557264994446,0.014839199095758518,"Housing, water, electricity, gas",0.03368820917122746,0.024449353399117076,0.009238855772110383
05,3.21874212,2.35083112,0.031389938388976274,0.00973360189390817,Furnishings and household equipment,0.0010103611683680287,0.0007379244401968809,0.00027243672817114776
06,2.88592085,1.43723043,0.02716495252559817,0.013389671918618343,Health,0.0007839590288288393,0.00039042296399295043,0.0003935360648358888
07,9.03222217,6.12251695,0.37015417456830435,0.044395044208297846,Transport,0.03343314741853889,0.02266275207907702,0.010770395339461867
08,3.41094884,1.04502735,0.019124039831721656,0.00655155504386251,Information and communication,0.0006523112148012478,0.0001998514466663853,0.00045245976813486246
09,0.96143308,0.74401629,0.02376590147584471,0.02528771185158226,"Recreation, sport and culture",0.00022849323854897926,0.00017682217844563507,5.167106010334419e-05
10,1.95796832,0.36570157,-0.008652256331598787,0.022004160545512675,Education services,-0.0001694084379378984,-3.164143724508117e-05,-0.00013776700069281723
11,9.61733058,7.48386807,0.06277032990105524,0.017512343902116003,Restaurants and accommodation,0.00603683013274107,0.004697648676898735,0.0013391814558423344
12,0.03386201,0.00027693,0.3578887238713425,0.15790206628647832,Financial services,0.00012118831546618637,9.911012430169088e-07,0.00012019721422316946
13,4.45917839,4.84389275,0.024930354123242137,0.009137835809827662,Personal care and miscellaneous,0.0011116889636140874,0.001207599615925052,-9.591065231096462e-05
